{"IronSword":{"weaponName":"IronSword","weaponDes":"a sword is made of iron","attack":7,"magicAttack":0,"hitChance":95,"attackRenge":[[0,1,0],[1,0,1],[0,1,0]],"maxUseTimes":15,"onDamageTarget":{"Method":{"Name":"<.cctor>b__14_0","AssemblyName":"Assembly-CSharp, Version=0.0.0.0, Culture=neutral, PublicKeyToken=null","ClassName":"ItemDatabase+<>c","Signature":"Void <.cctor>b__14_0(SrpgClassUnit)","Signature2":"System.Void <.cctor>b__14_0(SrpgClassUnit)","MemberType":8,"GenericArguments":null},"Target":{}},"onDamageSelf":{"Method":{"Name":"<.cctor>b__14_1","AssemblyName":"Assembly-CSharp, Version=0.0.0.0, Culture=neutral, PublicKeyToken=null","ClassName":"ItemDatabase+<>c","Signature":"Void <.cctor>b__14_1(SrpgClassUnit)","Signature2":"System.Void <.cctor>b__14_1(SrpgClassUnit)","MemberType":8,"GenericArguments":null},"Target":{}},"sprite":null},"IronSword + 1":{"weaponName":"IronSword + 1","weaponDes":"an sword is made of iron","attack":9,"magicAttack":0,"hitChance":100,"attackRenge":[[0,1,0],[1,0,1],[0,1,0]],"maxUseTimes":15,"onDamageTarget":null,"onDamageSelf":null,"sprite":null}}